chrom	start	end	cnv_type	ISV	SHAP_Overlapped_Gencode_Elements	SHAP_Protein_Coding_Genes	SHAP_Pseudogenes	SHAP_Micro_RNA	SHAP_Long_non-coding_RNA	SHAP_Ribosomal_RNA	SHAP_Small_nuclear_RNA	SHAP_Morbid_Genes	SHAP_Disease_associated_Genes	SHAP_Haploinsufficient_Genes	SHAP_Haploinsufficient_Regions	SHAP_Regulatory_Elements	SHAP_Enhancers	SHAP_Open_Chromatin_Regions	SHAP_Promoters	SHAP_Promoter_Flanking_Regions	SHAP_CTCF_Binding_sites	SHAP_TF_Binding_sites	SHAP_Manually_Curated_Regulatory_Elements	SHAP_Triplosensitive_Regions
chr7	142100000	142260000	DUP	0.00032646689214743674	-0.0005399489222148447	-0.008984686024615062	0.0032620278574529466	-0.0036905913687323533	-0.005272340349231701	5.4130834425820566e-05	-0.007851942340134317	-0.02001027089845467	-0.005999177378381124			-0.03010524095187115	-0.016522630121228364	-0.0039606921943325405	-0.00766039495631561	-0.006821849985392362	-0.011866939261962845	0.0023793367033137754	-0.007345231266727243	-0.0017892276889882692
chr2	101340000	101415000	DEL	0.0049659875221550465	0.00031298803130973816	-0.008028140747054824	0.0033184030446340696	-0.0065516616381720615	0.0058762266709357054	0.0	-0.0025547855576402174	-0.052636252954152724	-0.04998018524312462	-0.03337216416391904	-0.006640909037321907	0.0015538839256323308	-0.024413522059349053	-0.025569367397808577	-0.015554059030727048	-0.019191894484359703	-0.010315728366870315	-0.004147125715961874	-0.010589441864063466	
chr12	49018977	49060794	DEL	0.889886736869812	-0.002384359717384219	0.049058203307788706	0.014014418716927263	-0.002939113864368606	-0.00829431054910468	0.0	-0.0013856215327021227	0.14143338278606904	0.10681120864482764	0.2625236774411412	-0.006538364936656295	0.020103512899842576	-0.04008366632394039	0.04817630369404867	-0.009094087218390787	0.007106290879484754	-0.02709978746113071	0.013199060103907735	-0.0015586808988997819	
chr16	48200000	48275000	DEL	0.01630524732172489	0.0014048154693913945	-0.004615986084748805	0.006703240055805689	-0.008155943840724154	0.0013928054358435936	0.0	-0.002276437478763732	-0.05395268356353091	-0.0598156164468537	-0.037656714000650335	-0.006602609571615125	0.0054018210564611814	-0.009956127693426832	-0.019360328764121866	-0.01305120170406054	-0.029737347154203033	-0.01148300535721873	0.006168991216193053	-0.014756705199472826	
chr1	21650000	21715000	DUP	0.0041516064666211605	0.0001627711260767081	-0.007250053485033548	0.0037720662876569093	-0.0034130322808206635	-0.0036214244464028156	5.567956293134088e-05	-0.008610732739520573	-0.023030487374667882	-0.0040864582141843225			-0.029590665381282518	-0.017887417736757952	-0.006292316817746098	-0.0006768040628992177	-0.008144794295155598	-0.011416933802659459	0.003219845559391363	-0.006898890922649732	-0.0038399796041490588
chr20	12300000	12440000	DUP	0.0009062241879291832	-0.00015434032460347492	-0.009483678486294342	0.0027492015967287135	-0.0036017098805201132	-0.0036456806821709474	5.4130834425820566e-05	-0.008103017095558612	-0.024208419698784685	-0.0052644931391912			-0.02923316052667024	-0.014289877181078905	-0.003956757980349564	-0.007457005336073793	-0.008448762728602524	-0.011144281021497731	0.0020615703772764783	-0.007019068758535451	-0.0015803180023556502
chr9	30850000	30930000	DEL	0.0004529104335233569	-0.0004873266011326817	-0.027896496001478567	-0.005219578434251997	-0.0050614699397425415	-0.0023193135472738048	0.0	-0.0014981617403901617	-0.04848612838202908	-0.024580251504530533	-0.019426271984882136	-0.006326021085031383	-0.03654869191455085	-0.01928429542278994	-0.014362938786816177	-0.009987643747451062	-0.02371163853682937	-0.004504017703875038	-0.003783202764278263	-0.012342902122082201	
chr11	75500000	75610000	DUP	0.009420961141586304	0.0002551606527374737	-0.01390436287136354	0.0058484600363009264	-0.0039013958878205096	-0.0023357549644739467	6.730769818032426e-05	-0.006892646293118796	-0.009453070257982504	0.001017716507605301			-0.032541103634046824	-0.00796617817700412	-0.024142597395119453	-0.006494166325993189	-0.015012312248933412	-0.016428799704361417	0.0026764642723369554	0.011291159982839156	-0.007591419620154756
chr3	67200000	67248000	DUP	0.0010104731190949678	-0.0008507376179870628	-0.009244104009267073	0.0030561905284204626	3.0891172387514345e-05	-0.0013712333036644292	6.7597882417588e-05	-0.008089351802516695	-0.025269347032237047	-0.0040149413558048875			-0.0302665043050276	-0.01866621089080426	-0.007068973695180506	-0.0057533231824738055	-0.009027719910806685	-0.004141338423459884	-0.00010045483937342347	-0.008941838013213053	-0.0026354118220372484
chr5	8800000	8865000	DEL	0.0023966259323060513	0.0021240823898927017	-0.03514543925335623	0.0019511717294825792	-0.005455998939369687	-0.008620246799545355	0.0	-0.002458754168905685	-0.055961993623278736	-0.047175836037957025	-0.029394958799562828	0.013761196333479489	-0.021924459513752336	-0.01372324251512443	-0.00988823034667513	-0.005511862652851314	-0.016428333742994194	-0.0120552562830419	-0.0024478341147746835	-0.013265930318713174	
